Unnamed: 0,id,author_id,text,is_retweet,content
0,1655641722670440452,11348282,Our next cargo launch carrying supplies and a new set of unrolling solar panels to the is now scheduled to lift off from on Saturday June 3 Media accreditation is open  ,False,"Our next @SpaceX cargo launch, carrying supplies and a new set of unrolling solar panels to the @Space_Station, is now scheduled to lift off from @NASAKennedy on Saturday, June 3. Media accreditation is open: https://t.co/xbkHfWc98B https://t.co/CGGj4Nxg82"
1,1655606489531203586,11348282,"Happy TeacherAppreciationWeek Our thanks go out to the teachers and educators who work tirelessly to elevate the next generation of explorers

Join us this week for live webinars and readytouse resources from and ",False,"Happy #TeacherAppreciationWeek! Our thanks go out to the teachers and educators who work tirelessly to elevate the next generation of explorers.

Join us this week for live webinars and ready-to-use resources from @NASASTEM and @DoNASAScience: https://t.co/Fzgbfqa9By https://t.co/lhSPwY3zSL"
2,1655596926971068419,11348282,Two stormobserving TROPICS small satellites lifted off on a Electron rocket with two more to follow this month This marks the first completed launch for a contract designed to increase access to space for science and tech missions  ,False,"Two storm-observing TROPICS small satellites lifted off on a @RocketLab Electron rocket, with two more to follow this month. This marks the first completed launch for a @NASA_LSP contract designed to increase access to space for science and tech missions. https://t.co/VYo5qLFvQI https://t.co/CJurbnyXVm"
3,1655441714268577792,11348282,"Two TROPICS CubeSats successfully deployed from a Electron rocket after launch Signal acquisition from the pair of small satellites may take some time to establish which is not unexpected

Well provide confirmation when signal is acquired  ",False,"Two TROPICS CubeSats successfully deployed from a @RocketLab Electron rocket after launch. Signal acquisition from the pair of @NASAEarth small satellites may take some time to establish, which is not unexpected.

We'll provide confirmation when signal is acquired:‚Ä¶ https://t.co/8mn2C0Rlxa https://t.co/SGyphgdeZ7"
4,1655388931238645768,11348282," We have final engine cutoff of Curie engine on RocketLikeAHurricane carrying two TROPICS CubeSats  

Expected Payload Deployment   

It will take several orbits to confirm signal Follow along for more mission updates  ",True,"RT @NASA_LSP: We have final engine cutoff of @RocketLab's Curie engine on #RocketLikeAHurricane carrying two TROPICS CubeSats.  

Expected Payload Deployment! üõ∞üõ∞  

It will take several orbits to confirm signal. Follow along for more mission updates! https://t.co/wOmIEFxnfp https://t.co/bzr1AFXh8s"
5,1655377786259881993,11348282,Liftoff Two TROPICS shoeboxsized satellites are on their way to join the fleet of missions studying our home planet Together TROPICS will have the potential to gather nearhourly data on the formation and development of tropical cyclones ,False,"Liftoff! Two TROPICS shoebox-sized satellites are on their way to join the fleet of @NASAEarth missions studying our home planet. Together, TROPICS will have the potential to gather near-hourly data on the formation and development of tropical cyclones. https://t.co/wN4du9afZS"
6,1655369812489519105,11348282,LIVE Watch two small satellites for our storm tracking TROPICS mission launch to orbit Liftoff on a Electron rocket is targeted at 9pm ET 0100 UTC May 8 with a twohour window ,False,"LIVE: Watch two small satellites for our storm tracking TROPICS mission launch to orbit. Liftoff on a @RocketLab Electron rocket is targeted at 9pm ET (0100 UTC May 8), with a two-hour window. https://t.co/u3MlOV7cJM"
7,1654992622136467463,11348282,"NASA and are targeting 9pm ET Sunday May 7 0100 May 8 UTC for the first launch of our cyclonestudying TROPICS CubeSats

Tune in here and at  at 840pm ET 0040 May 8 UTC for live launch coverage from New Zealand  ",False,"NASA and @RocketLab are targeting 9pm ET Sunday, May 7 (0100 May 8 UTC), for the first launch of our cyclone-studying TROPICS CubeSats.

Tune in here and at https://t.co/z1RgZwQkWS at 8:40pm ET (0040 May 8 UTC) for live launch coverage from New Zealand: https://t.co/IWK2rhVO7i https://t.co/sc2pMH7Gfi"
8,1654837314303012865,11348282,"A new habitat is prepped for volunteers to test living in Marslike conditions for a year detects signs of water vapor on a distant planet and we celebrate BlackHoleWeekthats whats up This Week at NASA 

Wrap up the celebration with us  ",False,"A new habitat is prepped for volunteers to test living in Mars-like conditions for a year, @NASAWebb detects signs of water vapor on a distant planet, and we celebrate #BlackHoleWeek‚Äîthat‚Äôs what‚Äôs up This Week at NASA. 

Wrap up the celebration with us: https://t.co/2q3HMqhAMb https://t.co/uZPJPl11D1"
9,1654809803531640833,11348282,This is the third port relocation of a Dragon crew Spacecraft Crew1 and Crew2 also relocated during their missions Learn more about why the Crew6 astronauts are moving the spacecraft and what they are making room for ,False,@MikeCrossland55 @SpaceX @Space_Station This is the third port relocation of a Dragon crew Spacecraft: Crew-1 and Crew-2 also relocated during their missions. Learn more about why the Crew-6 astronauts are moving the spacecraft and what they are making room for: https://t.co/XRrfWxzLWC
10,1654803484946882563,11348282,Live Now The Crew6 astronauts are relocating their Dragon spacecraft to a new docking port on the ahead of a cargo resupply mission Undocking is scheduled for 710am ET 1110 UTC with redocking targeted for 753am 1153 UTC ,False,"Live Now: The #Crew6 astronauts are relocating their @SpaceX Dragon spacecraft to a new docking port on the @Space_Station ahead of a cargo resupply mission. Undocking is scheduled for 7:10am ET (1110 UTC), with redocking targeted for 7:53am (1153 UTC). https://t.co/fQlTDFNKAr"
11,1654652987598315520,11348282, Today we mourn the passing of Samuel Durrance an astronomer who flew aboard two Space Shuttle missions as a payload specialist and operated a collection of four telescopes as part of the Astro1 and Astro2 Spacelabs Godspeed Samuel  ,True,"RT @NASA_Johnson: Today we mourn the passing of Samuel Durrance, an astronomer who flew aboard two @NASA Space Shuttle missions as a payload specialist and operated a collection of four telescopes as part of the Astro-1 and Astro-2 Spacelabs. Godspeed, Samuel. https://t.co/kBJWZmBUCI https://t.co/DfjBLSivtC"
12,1654574450006802432,11348282,Crew6 is scheduled to return to Earth this fall after Crew7 lifts off to the Stay tuned to  for details,False,@victori93330853 #Crew6 is scheduled to return to Earth this fall after #Crew7 lifts off to the @Space_Station. Stay tuned to https://t.co/FRrjhINIvY for details!
13,1654569476401111042,11348282,Join us tomorrow from the With Crew6 aboard Dragon Endeavour spacecraft is undocking and moving to a new port to make room for an upcoming cargo launch Watch here and at  starting at 7am ET 1100 UTC on Saturday May 6 ,False,"Join us tomorrow from the @Space_Station!

With #Crew6 aboard, @SpaceX's Dragon Endeavour spacecraft is undocking and moving to a new port to make room for an upcoming cargo launch. Watch here and at https://t.co/z1RgZwQkWS starting at 7am ET (1100 UTC) on Saturday, May 6. https://t.co/rvsKEYO6BI"
14,1654528337820123150,11348282,"We cant imagine a more beautiful thing than Mays full moon  the Corn Moon 

Set to peak on May 5 at 134pm ET 1634 UTC  this full moon also known as the Flower Moon will appear full till Sunday Discover how it got its names  ",False,"We can‚Äôt imagine a more beautiful thing than May‚Äôs full moon ‚Äì the Corn Moon. üåΩ

Set to peak on May 5 at 1:34pm ET (1634 UTC ), this full moon, also known as the Flower Moon, will appear full till Sunday. Discover how it got its names: https://t.co/wuMVsdlXDi https://t.co/gJK92nXt0O"
15,1654501719080837124,11348282,Hello there,False,@starwars @NASAWebb @NASAExoplanets Hello there
16,1654491325784367108,11348282,Four of Uranus largest moonsAriel Umbriel Titania and Oberonmay have oceans beneath their icy crusts according to a reanalysis of Voyager 2 data  ,False,"Four of Uranus‚Äô largest moons‚ÄîAriel, Umbriel, Titania, and Oberon‚Äîmay have oceans beneath their icy crusts, according to a re-analysis of Voyager 2 data. https://t.co/LyivnJCThe https://t.co/WvDf2uVLvF"
17,1654246599843803137,11348282,"Its a TRAPPIST1 

About 40 lightyears away lies a planetary system with the most Earthsized exoplanets found in a stars habitable zone Learn more about the TRAPPIST1 system that was recently studied by MayTheFourth ",False,"It‚Äôs a TRAP(PIST)-1! ü¶ë

About 40 light-years away lies a planetary system with the most Earth-sized exoplanets found in a star's habitable zone. Learn more about the TRAPPIST-1 system that was recently studied by @NASAWebb: https://t.co/0sxJaVq7RB

#MayTheFourth https://t.co/WzLjBjspuT"
18,1654236708613890049,11348282,This is from the James Webb Space Telescope Check out the full description here ,False,@alexattack88 This is from the James Webb Space Telescope. Check out the full description here: https://t.co/mXeoRBZiNI
19,1654234582789521415,11348282,Yes Start here ,False,@sixthirtyazula Yes! Start here: https://t.co/srXrw8FmB2
20,1654232857403850758,11348282,The bright white lights with blue spikes are stars More info about this image here ,False,@Reidepedro The bright white lights with blue spikes are stars. More info about this image here: https://t.co/mXeoRBZiNI
21,1654224856374816768,11348282,"When we say supermassive black holes just how do they measure up 

Using their shadows for size weve rounded up 10 black holes and compared them to objects in our solar system Dont worry  these black holes are many lightyears away  BlackHoleWeek ",False,"When we say ‚Äúsupermassive black holes,‚Äù just how do they measure up? 

Using their shadows for size, we‚Äôve rounded up 10 black holes and compared them to objects in our solar system. Don‚Äôt worry ‚Äì these black holes are many light-years away: https://t.co/Vb6zIWzHh6 #BlackHoleWeek https://t.co/pjgzio0Zcj"
22,1654202128695435265,11348282,"The eta Aquariid meteor shower is expected to reach its peak tonight May 45and even with the full Moon it could still be a great night for skywatching

Heres how where and when to track the eta Aquariids  ",False,"The eta Aquariid meteor shower is expected to reach its peak tonight (May 4-5)‚Äîand even with the full Moon, it could still be a great night for skywatching!

Here's how, where and when to track the eta Aquariids: https://t.co/7elIWZ0XcA https://t.co/3ohsrF4Xyo"
23,1654188557219577856,11348282,"Bring balance to the force not leave it in darkness

Happy StarWarsDay And MayThe4thBeWithYou ",False,"Bring balance to the force, not leave it in darkness.

Happy #StarWarsDay. And #MayThe4thBeWithYou. https://t.co/E2WXvLLyLX"
24,1653887411053633537,11348282, Reflecting on the past two years I am humbled by the dedication of the team and their commitment to advancing science and exploration We have so much to look forward to Together we will continue to push the limits of exploration and achieve the impossible ,True,"RT @SenBillNelson: Reflecting on the past two years, I am humbled by the dedication of the @NASA team and their commitment to advancing science and exploration. We have so much to look forward to. Together, we will continue to push the limits of exploration and achieve the impossible. https://t.co/mJ5So8C86Y"
25,1653877259239915520,11348282," I can see youre lonely down there Dont you know that Im right here

Honored to be an inspiration to robots everywhere  ",True,"RT @MarsCuriosity: ‚ÄúI can see you‚Äôre lonely down there... Don‚Äôt you know that I‚Äôm right here?‚Äù

Honored to be an inspiration to robots everywhere, @Harry_Styles. üõ∞Ô∏è https://t.co/RnFlFDn6kJ"
26,1653865799373684737,11348282,"Ive seen just one spark of curiosity create a great burning love and fire for learning AANHPIHeritageMonth 

Katherine Brown helps inspire the next generation as a public affairs officer for ",False,"""I've seen just one spark of curiosity create a great burning love and fire for learning."" #AANHPIHeritageMonth 

Katherine Brown helps inspire the next generation as a public affairs officer for @NASASTEM: https://t.co/uzvnrbyak6 https://t.co/iZojzTPXJi"
27,1653847713052520455,11348282," Interacting galaxies known as AM 1214255 shine bright in this new view from Hubble

Both galaxies contain active galactic nuclei which are luminous central regions that host a black hole Learn more for BlackHoleWeek  ",True,"RT @NASAHubble: Interacting galaxies, known as AM 1214-255, shine bright in this new view from Hubble!

Both galaxies contain active galactic nuclei, which are luminous central regions that host a black hole. Learn more for #BlackHoleWeek: https://t.co/CNy2vYRNGU https://t.co/5H9ffzDfkr"
28,1653845105906790401,11348282,LIVE Two cosmonauts are about to start a spacewalk to help install an experiment airlock on the Nauka science module Tune in for NASA TV coverage at  ,False,LIVE: Two cosmonauts are about to start a spacewalk to help install an experiment airlock on the @Space_Station's Nauka science module. Tune in for NASA TV coverage at https://t.co/z1RgZwQkWS. https://t.co/tm2eGXZPlm
29,1653782410683621376,11348282,"Our BlackHoleWeek event is on the horizon  Join our May 5 to learn from experts as they talk about black holes including the one at the center of our galaxy AskNASA your questions and they might be answered live ",False,"Our #BlackHoleWeek event is on the horizon. üï≥Ô∏è Join our May 5 @TwitterSpaces to learn from experts as they talk about black holes, including the one at the center of our galaxy. #AskNASA your questions and they might be answered live. https://t.co/Jvg0jcEtOo"
30,1653762393992843265,11348282, LIVE NOW The Czech Republic is signing the Artemis Accords joining more than 20 nations from all over the world committed to the peaceful and safe exploration of space  ,True,"RT @NASAArtemis: LIVE NOW: The Czech Republic is signing the #Artemis Accords, joining more than 20 nations from all over the world committed to the peaceful and safe exploration of space: https://t.co/lWecM3PxEX https://t.co/FVdA6jeYU0"
31,1653504938746564619,11348282,The rings are light echoes from a gammaray burst On their way to Earth some Xrays from the event scattered off dust clouds in our galaxy Like a sound echo this light took longer to reach us appearing as expanding Xray rings days after the burst itself had faded away,False,"@YeahHeyItsSteve The rings are light ‚Äúechoes‚Äù from a gamma-ray burst. On their way to Earth, some X-rays from the event scattered off dust clouds in our galaxy. Like a sound echo, this light took longer to reach us, appearing as expanding X-ray rings days after the burst itself had faded away."
32,1653495477629866003,11348282,The rings are light echoes from a gammaray burst On their way to Earth some Xrays from the event scattered off dust clouds in our galaxy Like a sound echo this light took longer to reach us appearing as expanding Xray rings days after the burst itself had faded away,False,"@iiTzEmerald @NASAUniverse The rings are light ‚Äúechoes‚Äù from a gamma-ray burst. On their way to Earth, some X-rays from the event scattered off dust clouds in our galaxy. Like a sound echo, this light took longer to reach us, appearing as expanding X-ray rings days after the burst itself had faded away."
33,1653493245769293827,11348282,We switch ports on the occasionally to make room for other spacecraftin this case cargo Dragon mission scheduled to arrive in June For example astronaut Frank Rubio and two cosmonauts moved their Soyuz spacecraft last month ,False,"@TeslaRobb14 We switch ports on the @Space_Station occasionally to make room for other spacecraft‚Äîin this case, @SpaceX's cargo Dragon mission scheduled to arrive in June. For example, astronaut Frank Rubio and two cosmonauts moved their Soyuz spacecraft last month: https://t.co/Zt1QiMUCh3"
34,1653492024224501765,11348282,May is a good month for skywatchers Venus Mars and Jupiter cozy up to the Moon and even Saturn makes a cameo Where and when to look  ,False,"May is a good month for skywatchers. Venus, Mars, and Jupiter cozy up to the Moon, and even Saturn makes a cameo. Where and when to look: https://t.co/P2s1urpEX6 https://t.co/RvKaRJVWsw"
35,1653411498029449216,11348282,We love to hear it is a great resource for younger students looking to learn about the universeand if their family is looking to make the trek to Maryland we host some fantastic events at ,False,"@JenniferLDugan We love to hear it! @NASASpacePlace is a great resource for younger students looking to learn about the universe‚Äîand if their family is looking to make the trek to Maryland, we host some fantastic events at @NASAGoddard: https://t.co/D0ghrGIvYa"
36,1653397539041824769,11348282,Its a good question The short answer is that a system like that would add additional moving parts ie more cost and complexity so its more effective to just make sure the solar panels can last for the scheduled prime mission ,False,"@Hawk1nsJohn It's a good question! The short answer is that a system like that would add additional moving parts (i.e. more cost and complexity), so it's more effective to just make sure the solar panels can last for the scheduled prime mission. https://t.co/G6MASM5XJE"
37,1653159153295032322,11348282,This weekend our Crew6 astronauts are taking their Dragon out for a spin Tune in at 7am ET 1100 UTC on Saturday May 6 as they move the Dragon Endeavour spacecraft to a new port on the ,False,"This weekend, our #Crew6 astronauts are taking their Dragon out for a spin. Tune in at 7am ET (1100 UTC) on Saturday, May 6, as they move the Dragon Endeavour spacecraft to a new port on the @Space_Station: https://t.co/2g8Juligsn https://t.co/puDNleOO9P"
38,1653092281950298148,11348282,"Is your type tall maybe even supermassive dark and mysterious Celebrate BlackHoleWeek with us 

Learn about these cosmic objects share science updates visualizations and sonifications Follow and get pulled in  ",False,"Is your type tall (maybe even ""supermassive""), dark, and mysterious? Celebrate #BlackHoleWeek with us! 

Learn about these cosmic objects, share science updates, visualizations, and sonifications. Follow @NASAUniverse and get pulled in: https://t.co/6fYorGK8rd https://t.co/rS1vDyO1Eq"
39,1653077029372280836,11348282,"Looking for the latest news from low Earth orbit

Follow for mission leadership updates as we live and work beyond our home planet ",False,"Looking for the latest news from low Earth orbit?

Follow @NASASpaceOps for mission leadership updates as we live and work beyond our home planet. https://t.co/SvBPKDvmVO"
40,1653042420957827073,11348282,Throughout May well celebrate AANHPIHeritageMonth by honoring some of the brilliant people who shape NASA and inspire generations  ,False,"Throughout May, we‚Äôll celebrate #AANHPIHeritageMonth by honoring some of the brilliant people who shape NASA and inspire generations: https://t.co/DY8JyHlCBd https://t.co/qBoIppkxZQ"
41,1652811399633031169,11348282,"Tale as old as time 

Unusual asteroid Phaethon behaves like a comet It brightens and forms a tail as it nears the Sun and is the source of a meteor shower something usually led by comets But this asteroids tail tells a different story
 ",False,"Tale as old as time. ‚òÑÔ∏è

Unusual asteroid Phaethon behaves like a comet. It brightens and forms a tail as it nears the Sun and is the source of a meteor shower, something usually led by comets. But this asteroid's tail tells a different story:
https://t.co/FO8ZZ3RCmP https://t.co/kyjOtsPMpi"
42,1652285451531632641,11348282,This week at NASA astronauts prepped the for more solar arrays celebrated its 33rd anniversary with a new image of a dark nebula and and visited ,False,"This week at NASA, astronauts prepped the @Space_Station for more solar arrays, @NASAHubble celebrated its 33rd anniversary with a new image of a dark nebula, and @VP and @President_KR visited @NASAGoddard. https://t.co/u0lDMiAWUE"
43,1652065774964441090,11348282,Several astronauts and cosmonauts have as many as nine or even ten spacewalks under their belts Former astronaut Peggy Whitson holds the record for most spacewalks for any woman ten,False,@imsacxin Several astronauts and cosmonauts have as many as nine or even ten spacewalks under their belts. Former astronaut Peggy Whitson holds the record for most spacewalks for any woman: ten!
44,1652064269339435009,11348282, TROPICS Launch Update  ,True,RT @NASA_LSP: TROPICS Launch Update! üöÄ https://t.co/bDv0WqiaRE
45,1652064061285122050,11348282,Understanding our changing planet has always been a priority Heres a look at how and why we study Earth ,False,@hibeaneieo Understanding our changing planet has always been a priority. Here's a look at how and why we study Earth: https://t.co/LPQb5PSzTO
46,1652060180513714178,11348282,Astronauts Steve Bowen and concluded todays sevenhour spacewalk at 412 pm ET 2012 UTC It was the eighth for Bowen and the first for any UAE astronaut  ,False,Astronauts Steve Bowen and @Astro_Alneyadi concluded today‚Äôs seven-hour spacewalk at 4:12 p.m. ET (20:12 UTC). It was the eighth for Bowen and the first for any UAE astronaut: https://t.co/DGUmmAuHHE https://t.co/G1fbdVDHmf
47,1652040965350121472,11348282," Live TROPICS experts discuss the mission which aims to improve understanding of tropical cyclones through regular measurements of precipitation temperature amp humidity
 
Use AskNASA and your questions may get answered on air
",False,"üîî Live: TROPICS experts discuss the mission, which aims to improve understanding of tropical cyclones through regular measurements of precipitation, temperature &amp; humidity.
 
Use #AskNASA and your questions may get answered on air.
https://t.co/DMh6s0ZCX8"
48,1651973671789920257,11348282,Both astronauts trained extensively in the Neutral Buoyancy Laboratory for todays spacewalk They will need to work carefully while retrieving the radio frequency group RFG equipment which they will stow in the crew lock so it can be returned to Earth for refurbishment The ,False,"@ahmedbaset Both astronauts trained extensively in the Neutral Buoyancy Laboratory for today's spacewalk. They will need to work carefully while retrieving the radio frequency group (RFG) equipment, which they will stow in the crew lock so it can be returned to Earth for refurbishment. The‚Ä¶ https://t.co/MmNzBgtIYe"
49,1651939502816894977,11348282,Todays spacewalk is officially underway The two astronauts have switched their spacesuits to battery power Steve Bowen of and will route power cables to prepare for future power system upgrades outside the ,False,Today's spacewalk is officially underway! The two astronauts have switched their spacesuits to battery power. Steve Bowen of @NASA_Astronauts and @Astro_Alneyadi will route power cables to prepare for future power system upgrades outside the @Space_Station. https://t.co/EH8Hw7Xp2m
50,1651933961818456065,11348282,"Thanks for your questions 1 The Sband antenna lost one of two strings in 2021 and was replaced by a spare in a spacewalk in Dec 2021 by Tom Marshburn and Kayla Barron
 2 They will leave the equipment in the airlock until they come inside The hatch has to stay open while ",False,"@RaffaeleDiPalma Thanks for your questions! 1: The S-band antenna lost one of two strings in 2021 and was replaced by a spare in a spacewalk in Dec. 2021 by Tom Marshburn and Kayla Barron.
 2: They will leave the equipment in the airlock until they come inside. The hatch has to stay open while‚Ä¶ https://t.co/zm3OMH4Ik3"
51,1651915587352756224,11348282,LIVE Its spacewalk time Watch with us as Steve Bowen of and work on upgrades to the power system ,False,LIVE: It's spacewalk time. Watch with us as Steve Bowen of @NASA_Astronauts and @Astro_Alneyadi work on upgrades to the @Space_Station's power system. https://t.co/UPSQgV6ojs
52,1651682646559268864,11348282,Two cosmonauts will conduct a pair of spacewalks on Wednesday May 3 and Friday May 12 to relocate hardware outside the Details and coverage info  ,False,"Two cosmonauts will conduct a pair of spacewalks on Wednesday, May 3, and Friday, May 12, to relocate hardware outside the @Space_Station. Details and coverage info: https://t.co/wmmXXwHwhO https://t.co/CVETzUpUC5"
53,1651643609978896384,11348282,"Are you ready for a spacewalk

Astronauts Steve Bowen and will step out of the around 915am ET 1315 UTC on Friday April 28 to prepare for upcoming power upgrades Coverage starts here and on NASA TV at 745am 1145 UTC  ",False,"Are you ready for a spacewalk?

Astronauts Steve Bowen and @Astro_Alneyadi will step out of the @Space_Station around 9:15am ET (1315 UTC) on Friday, April 28 to prepare for upcoming power upgrades. Coverage starts here and on NASA TV at 7:45am (1145 UTC): https://t.co/OBQ89gwhcn https://t.co/11Ha2CCEqT"
54,1651307602595151914,11348282,"The first of two TROPICS launches will send cyclonetracking CubeSats to low Earth orbit from New Zealand The launch window opens at 9pm ET April 30 0100 UTC May 1

A second launch is planned for May 16 to complete the constellation  ",False,"The first of two TROPICS launches will send cyclone-tracking CubeSats to low Earth orbit from New Zealand. The launch window opens at 9pm ET April 30 (0100 UTC May 1).

A second launch is planned for May 16 to complete the constellation: https://t.co/VPlCimWDJI https://t.co/Zq9B3ioazk"
55,1651265925088264212,11348282,"We did it together Thanks to you were bringing home five Peoples Voice Awards in this years Webbys

From first images to interactive map of the asteroids check out our full set of Webby winners  ",False,"We did it together. Thanks to you, we're bringing home five People's Voice Awards in this year's #Webbys.

From @NASAWebb's first images to @NASA_Eyes's interactive map of the asteroids, check out our full set of Webby winners: https://t.co/RtFYHabHFE https://t.co/PLJPpQTAHS"
56,1651021481017524224,11348282,Today and toured for a closeup look at how we study our changing planetand got a glimpse of our next space telescope as its being built  ,False,"Today, @VP and @President_KR toured @NASAGoddard for a close-up look at how we study our changing planet‚Äîand got a glimpse of @NASARoman, our next space telescope, as it's being built: https://t.co/O8lvZHfh9e https://t.co/d45YXS4Tzd"
57,1650975570799255553,11348282,"Not too hot not too cold

No not April 25 Its what scientists call the habitable zone of a starthe range where liquid water could exist on a planets surface  ",False,"Not too hot, not too cold.

No, not April 25. It's what @NASAExoplanets scientists call the habitable zone of a star‚Äîthe range where liquid water could exist on a planet's surface: https://t.co/TKJZX2TrD8 https://t.co/EMVWRioUQo"
58,1650951892501950470,11348282, LIVE Kamala Harris amp Yoon Suk Yeol deliver remarks during their tour of to see our climate change research ,False,üîî LIVE: @VP Kamala Harris &amp; @President_KR Yoon Suk Yeol deliver remarks during their tour of @NASAGoddard to see our climate change research. https://t.co/TKuJsW8EFT
59,1650948324508200975,11348282,Happy 10th birthday If you were celebrating your big day from Mars youd only be about 55 years old ,False,"@GIPHY Happy 10th birthday, @GIPHY! If you were celebrating your big day from Mars, you'd only be about 5.5 years old! https://t.co/WCTCKOgJtJ"
60,1650912211445923840,11348282,Yes it was You have a good eye ,False,"@sartponym @ISS_Research @ISS_CASIS @Space_Station @NASASpaceSci Yes, it was! You have a good eye üëÅÔ∏è"
61,1650892671517376512,11348282,"People travel to national parks every year to be surrounded by the beauty of nature NationalParkWeek

National parks seen from space are just as beautiful Maybe more 

You be the judge  ",False,"People travel to national parks every year to be surrounded by the beauty of nature. #NationalParkWeek

National parks seen from space are just as beautiful. Maybe more? 

You be the judge. https://t.co/UhIYx3cBiQ https://t.co/WzYVxq0TNU"
62,1650612921175605253,11348282,"Whats your favorite image 

Launched 33 years ago today the orbiting telescope captured this image of a nebula where stars are born  960 lightyears away  ",False,"What's your favorite @NASAHubble image? https://t.co/8q2ah3teqv

Launched 33 years ago today, the orbiting telescope captured this image of a nebula where stars are born -- 960 light-years away. https://t.co/uWV3zgepfj https://t.co/kqGi2Mfven"
63,1650599838793211919,11348282,On April 25 Kamala Harris amp Yoon Suk Yeol will tour and meet with scientists to see firsthand climate change research underway They will also take an early look at our next space telescope  ,False,"On April 25, @VP Kamala Harris &amp; @President_KR Yoon Suk Yeol will tour @NASAGoddard and meet with scientists to see firsthand climate change research underway. They will also take an early look at @NASARoman, our next space telescope. https://t.co/SWfqh0JWHa https://t.co/nauGyUCPvZ"
64,1650560810006216704,11348282,LIVE Preview the next spacewalk set for Friday April 28 Veteran astronaut Steve Bowen and firsttime spacewalker will prepare the for solar power upgrades ,False,"LIVE: Preview the next spacewalk set for Friday, April 28. Veteran astronaut Steve Bowen and first-time spacewalker @Astro_Alneyadi will prepare the @Space_Station for solar power upgrades. https://t.co/fg9ZvMJA0D"
65,1650530307949436929,11348282,"NOW and scientists are answering questions on Reddit about TEMPO a new spacebased instrument that will revolutionize our understanding of air quality
 
Want to learn more Ask your own Qs on our AMA ",False,"NOW: @NASAEarth and @CenterForAstro scientists are answering questions on Reddit about TEMPO, a new space-based instrument that will revolutionize our understanding of air quality.
 
Want to learn more? Ask your own Qs on our AMA. https://t.co/aIwwcbPZgx"
66,1650084589187072007,11348282," Earth is our home 

On EarthDay and every day were learning more about our world and how its changing  giving us a deeper appreciation for the planet we call home

Celebrate with us  ",True,"RT @NASAEarth: Earth is our home. üíö

On #EarthDay and every day, we‚Äôre learning more about our world and how it‚Äôs changing ‚Äì giving us a deeper appreciation for the planet we call home.

Celebrate with us: https://t.co/WHArcApbL1 https://t.co/0e4QDX3dtR"
67,1650084553933856769,11348282, Wow Look at all this love for Earth  While youre here check out how we study Earth every day at ,True,"RT @NASAEarth: Wow! Look at all this love for Earth! üíôüåé While you‚Äôre here, check out how we study Earth every day at @nasa. https://t.co/j1SI6WcwX9"
68,1649799936668581888,11348282,"This week at NASA we marked the Ingenuity MarsHelicopters 50th flight on the Red Planet the planethunting satellite TESS entered its fifth year and we celebrated our favorite planetEarth

Celebrate EarthDay with us  ",False,"This week at NASA, we marked the Ingenuity #MarsHelicopter's 50th flight on the Red Planet, the planet-hunting satellite TESS entered its fifth year, and we celebrated our favorite planet‚ÄîEarth!

Celebrate #EarthDay with us: https://t.co/C2WIxrjuSo https://t.co/3pDQZvRS4n"
69,1649796391705755650,11348282, Share if you love Earth  EarthDay ,True,RT @NASAEarth: Share if you love Earth. üíö #EarthDay https://t.co/OptY8Qj3zy
70,1649780132771504128,11348282,Were lucky to share it together ,False,@yusssufjr We're lucky to share it together. https://t.co/SGdUx8wKrK
71,1649777510005997568,11348282,Thats right Astronaut Bill Anders took this image we now know as Earthrise ,False,"@yafu_jirou That's right. Astronaut Bill Anders took this image we now know as ""Earthrise."" https://t.co/hyBMy4T7Pq"
72,1649775052047499271,11348282,"Happy EarthDay 

From the tallest peaks to ocean depths from arid deserts to lush forests we observe our home from a unique perspective Learn about the activities all around NASA and about the picture that kicked off this celebration of our planet  ",False,"Happy #EarthDay üåç

From the tallest peaks to ocean depths, from arid deserts to lush forests, we observe our home from a unique perspective. Learn about the activities all around NASA, and about the picture that kicked off this celebration of our planet: https://t.co/fPz1g7OcN6 https://t.co/eBbs3dI5v0"
73,1649752342307172353,11348282," Happy Earth Day from me and our good friends over at NASA
¬†
For our children and grandchildren we must stand united in our effort to save our only home ",True,"RT @POTUS: Happy Earth Day from me and our good friends over at NASA.
¬†
For our children and grandchildren, we must stand united in our effort to save our only home. https://t.co/I83fS8StQM"
74,1649468166551244801,11348282,"What was it like when Apollo 8 astronaut Bill Anders saw Earth rise over the Moons horizon in 1968

He reflects with Dr Kate Calvin NASA senior climate advisor and chief scientist on taking the famous photo helped humanity discover Earth 

EarthDay ",False,"What was it like when Apollo 8 astronaut Bill Anders saw Earth rise over the Moon‚Äôs horizon in 1968?

He reflects with Dr. Kate Calvin, NASA senior climate advisor and chief scientist, on taking the famous photo helped humanity ""discover"" Earth. https://t.co/0Epd4ITXsA

#EarthDay https://t.co/pzZuSK3YRg"
75,1649381314594832385,11348282,One of the Cygnus spacecrafts solar arrays did not deploy Teams determined the spacecraft had sufficient power to get to the orbiting laboratory and decided not to attempt to deploy the second solar array,False,@SeanVecchio_ @northropgrumman @Space_Station One of the Cygnus spacecraft‚Äôs solar arrays did not deploy. Teams determined the spacecraft had sufficient power to get to the orbiting laboratory and decided not to attempt to deploy the second solar array.
76,1649381071887237127,11348282,Watch as SS Sally Ride undocks from the 250 miles over the Mediterranean ,False,Watch as @NorthropGrumman‚Äôs S.S. Sally Ride undocks from the @Space_Station 250 miles over the Mediterranean. https://t.co/dgQulMKuK8
77,1649367508733034499,11348282,"Live Now Watch as the uncrewed SS Sally Ride Cygnus cargo spacecraft departs from the The spacecraft delivered snacks science and supplies to the orbiting laboratory in November 2022
 ",False,"Live Now: Watch as the uncrewed @NorthropGrumman S.S. Sally Ride Cygnus cargo spacecraft departs from the @Space_Station.

The spacecraft delivered snacks, science, and supplies to the orbiting laboratory in November 2022:
https://t.co/IcqJMTwfDZ https://t.co/UiYJTYwadC"
78,1649210741759569921,11348282,"HOP IN SPACEFOLKS 

Were blasting off together on a new missionTogether weve launched Artemis I watched DA smash into an asteroid and explored with Now were hoping to land Webbys You in Vote by the end of today  ",False,"HOP IN SPACEFOLKS! üöÄ

We're blasting off together on a new mission‚Äî@TheWebbyAwards. Together we've: launched #Artemis I, watched DART smash into an asteroid, and explored with @NASAWebb. Now we're hoping to land #Webbys. You in? Vote by the end of today: https://t.co/yXhuADCMuM https://t.co/gUW98HVDOc"
79,1649152077501722634,11348282,As we open up the next generation of opportunities in lowEarth orbit is designing a new spacesuit thats more adaptable flexible and easy to use for spacewalks outside the Get the details  ,False,"As we open up the next generation of opportunities in low-Earth orbit, @CollinsAero is designing a new spacesuit that's more adaptable, flexible, and easy to use for spacewalks outside the @Space_Station. Get the details: https://t.co/QYQg9N9Wtw https://t.co/OsxPlCKiUB"
80,1649130630741884929,11348282,"Houston we have Posty

As we approach EarthDay watch get astronautstruck as he chats with two crew members aboard the Stephen Bowen amp Woody Hoburg about how their unique perspective changes the way they see our home planet  ",False,"Houston, we have Posty

As we approach #EarthDay, watch @PostMalone get astronaut-struck as he chats with two crew members aboard the @Space_Station, Stephen Bowen &amp; Woody Hoburg, about how their unique perspective changes the way they see our home planet. https://t.co/98B6QuIeHx https://t.co/TE3UL9JDCi"
81,1649054431420489731,11348282, Congrats to on Starships first integrated flight test Every great achievement throughout history has demanded some level of calculated risk because with great risk comes great reward Looking forward to all that SpaceX learns to the next flight testand beyond ,True,"RT @SenBillNelson: Congrats to @SpaceX on Starship‚Äôs first integrated flight test! Every great achievement throughout history has demanded some level of calculated risk, because with great risk comes great reward. Looking forward to all that SpaceX learns, to the next flight test‚Äîand beyond. https://t.co/ZYsh5VkxsA"
82,1648876667857960960,11348282,LIVE Watch a total solar eclipse in Australia with us Were sharing live telescope views and answering your AskNASA questions on NASA Science Live ,False,LIVE: Watch a total solar eclipse in Australia with us! We're sharing live telescope views and answering your #AskNASA questions on NASA Science Live. https://t.co/a9z0plAikM
83,1648779462530441223,11348282, LIVE from SpaceSymposium a look at our Moon to Mars strategy and what it takes as an agency to make it all possiblefrom engaging the Artemis Generation to supporting our workforce and improving our infrastructure  ,False,"üîî LIVE from #SpaceSymposium: a look at our @NASAArtemis ""Moon to Mars"" strategy, and what it takes as an agency to make it all possible‚Äîfrom engaging the #Artemis Generation to supporting our workforce and improving our infrastructure. https://t.co/scCo0UmXVD https://t.co/O6PRLzrLlH"
84,1648735895011336192,11348282,DA was traveling at very high speeds about 14k miles per hour as it approached its target it enabled selfnavigation and made continuous adjustments before impacting the asteroidhence it appearing a bit shaky,False,"@banebg66 DART was traveling at very high speeds (about 14k miles per hour), as it approached its target it enabled self-navigation and made continuous adjustments before impacting the asteroid‚Äîhence it appearing a bit shaky."
85,1648732693406810138,11348282,Thats why were continuously monitoring and cataloging new asteroids every week Weve cataloged more than 31000 nearEarth asteroids so far and that number continues to climb Learn more about how were protecting Earth ,False,"@brotherdarul That‚Äôs why we‚Äôre continuously monitoring and cataloging new asteroids every week. We‚Äôve cataloged more than 31,000 near-Earth asteroids so far and that number continues to climb. Learn more about how we‚Äôre protecting Earth. https://t.co/x9hckpDaPe"
86,1648732414435262498,11348282,Thats why weve got our eyes on the sky Weve cataloged more than 31000 nearEarth asteroids and more are detected and monitored every week Heres how we spot nearEarth asteroids ,False,"@Drinky_Smurf That‚Äôs why we‚Äôve got our eyes on the sky. We‚Äôve cataloged more than 31,000 near-Earth asteroids, and more are detected and monitored every week. Here's how we spot near-Earth asteroids: https://t.co/TEfYrLvOid"
87,1648725848906661900,11348282,"A solar eclipse will be visible over parts of Western Australia and Southeast Asia today No matter where you are you can watch the Moon block the Sun with us
 
 At 1030pm ET 0330 UTC watch NASAScience Live and ask NASA experts your questions plus get a preview of ",False,"A solar eclipse will be visible over parts of Western Australia and Southeast Asia today. No matter where you are, you can watch the Moon block the Sun with us.
 
 At 10:30pm ET (0330 UTC), watch #NASAScience Live and ask NASA experts your questions, plus get a preview of‚Ä¶ https://t.co/vZZKpfyTdp"
88,1648725285565603841,11348282,Thats right Were here for you ,False,@JohnFuchs117 That's right! We're here for you! üåûüåóüåè
89,1648709774903582722,11348282,On Friday April 21 uncrewed Cygnus cargo craft is scheduled to depart the Live coverage begins at 7am ET 1100 UTC More info  ,False,"On Friday, April 21, @NorthropGrumman's uncrewed Cygnus cargo craft is scheduled to depart the @Space_Station. Live coverage begins at 7am ET (1100 UTC). More info: https://t.co/Y2b0eYmps3 https://t.co/64GzgOphw4"
90,1648457105400291332,11348282,Two cosmonauts are about to venture outside the for a sixandahalfhour spacewalk Live coverage begins at 9pm ET 0100 UTC April 19 on  ,False,Two cosmonauts are about to venture outside the @Space_Station for a six-and-a-half-hour spacewalk. Live coverage begins at 9pm ET (0100 UTC April 19) on https://t.co/gFLiOZC9YL. https://t.co/YcoSCEQfMl
91,1648432096044793856,11348282,"To help defend Earth from potentially hazardous asteroids and comets we developed the PlanetaryDefense Strategy amp Action Plan Were eager to work with in implementing it 

Note There are no known asteroid impact threats for 100 years ",False,"To help defend Earth from potentially hazardous asteroids and comets, we developed the #PlanetaryDefense Strategy &amp; Action Plan. We‚Äôre eager to work with @WHOSTP in implementing it. https://t.co/BmMhAe0t7A

Note: There are no known asteroid impact threats for 100+ years. https://t.co/6EAl1arz1h"
92,1648368753355243535,11348282,"NASA astronaut Steve Bowen and UAE astronaut will step outside the on Friday April 28 to prepare for new solar arrays that will boost the stations power capacity

Tune in Monday April 24 for a live spacewalk preview  ",False,"NASA astronaut Steve Bowen and UAE astronaut @Astro_Alneyadi will step outside the @Space_Station on Friday, April 28, to prepare for new solar arrays that will boost the station's power capacity.

Tune in Monday, April 24, for a live spacewalk preview: https://t.co/ATgGmGHSFW https://t.co/A3d8DsyWKu"
93,1648345826081615873,11348282, LIVE Deputy Administrator delivers a plenary address at 38Space discussing progress towards a blueprint for sustained human exploration of the Moon and beyond with ,False,üîî LIVE: Deputy Administrator @Astro_Pam delivers a plenary address at #38Space discussing progress towards a blueprint for sustained human exploration of the Moon and beyond with @NASAArtemis. https://t.co/Hqo8XHVbn3 https://t.co/tSwLlYLRBV
94,1648056992911577107,11348282,Roughly 68 of the universe is dark energy Dark matter makes up about 27 and we may be able to measure it with a future mission ,False,@samwill001 Roughly 68% of the universe is dark energy. Dark matter makes up about 27%... and we may be able to measure it with a future mission: https://t.co/yJ2HDhVLy9
95,1648052966266478592,11348282,Yes Check out what the Lunar Reconnaisance Orbiter saw when it made low passes above the Moons surface in August and October 2011 ,False,@Jazuno1Zabala Yes. Check out what the Lunar Reconnaisance Orbiter saw when it made low passes above the Moon‚Äôs surface in August and October 2011: https://t.co/nIvLnNB2JT
